id,filename_disk,type
010152f5-9e6b-4ef8-bea1-6a631266f069,010152f5-9e6b-4ef8-bea1-6a631266f069..jpg,image/jpeg
0297c70f-1b73-4472-b453-e0fa6d20f471,0297c70f-1b73-4472-b453-e0fa6d20f471..jpg,image/jpeg
02be03b9-ebf8-4078-afad-4a8391754a5d,02be03b9-ebf8-4078-afad-4a8391754a5d..jpg,image/jpeg
034c7622-74d9-458b-b8f0-a20ddacf1684,034c7622-74d9-458b-b8f0-a20ddacf1684..jpg,image/jpeg
0a34fc93-ab44-4b23-b2b3-53d5b3988763,0a34fc93-ab44-4b23-b2b3-53d5b3988763..jpg,image/jpeg
0a564d1b-739b-4a25-8e26-cb2cb6032df5,0a564d1b-739b-4a25-8e26-cb2cb6032df5..jpg,image/jpeg
0b4fbc6b-4285-4fc6-97b2-14eb1d3b454b,0b4fbc6b-4285-4fc6-97b2-14eb1d3b454b..jpg,image/jpeg
0dc4b6c6-2616-4b0d-9fda-611065ccb73e,0dc4b6c6-2616-4b0d-9fda-611065ccb73e..jpg,image/jpeg
1fe2466f-fb10-44c1-892b-65ee15b3cfd7,1fe2466f-fb10-44c1-892b-65ee15b3cfd7..jpg,image/jpeg
219784ef-7611-46f4-a132-172ffc5990ee,219784ef-7611-46f4-a132-172ffc5990ee..jpg,image/jpeg
28a6cd83-5149-4ea0-95dc-fc006c0d390f,28a6cd83-5149-4ea0-95dc-fc006c0d390f..jpg,image/jpeg
2b185c00-4799-4698-986d-6c645eaef74b,2b185c00-4799-4698-986d-6c645eaef74b..jpg,image/jpeg
2c480da2-09a5-43ce-91ae-43d077ffc4d5,2c480da2-09a5-43ce-91ae-43d077ffc4d5..jpg,image/jpeg
2fb8c0ae-fec4-4226-91e9-69b229cd66c1,2fb8c0ae-fec4-4226-91e9-69b229cd66c1..jpg,image/jpeg
30d4f852-07d2-4f68-8015-6a8aa3a5616b,30d4f852-07d2-4f68-8015-6a8aa3a5616b..jpg,image/jpeg
323442a0-cc3d-40c9-93c5-b0b3a7f55070,323442a0-cc3d-40c9-93c5-b0b3a7f55070..jpg,image/jpeg
33dcfd05-8507-417a-a153-b8b02e65d5ae,33dcfd05-8507-417a-a153-b8b02e65d5ae..jpg,image/jpeg
348f0ecd-d622-4978-be29-085719de9d30,348f0ecd-d622-4978-be29-085719de9d30..jpg,image/jpeg
3b9c29ed-c81f-4b87-87e9-ee50b3740aea,3b9c29ed-c81f-4b87-87e9-ee50b3740aea..jpg,image/jpeg
3dd6b0e1-9c3b-47ae-b76e-e9806bfd0ef4,3dd6b0e1-9c3b-47ae-b76e-e9806bfd0ef4..jpg,image/jpeg
47a541e7-4a7b-4d5c-a799-1a3d3b17afea,47a541e7-4a7b-4d5c-a799-1a3d3b17afea..jpg,image/jpeg
47ad4adf-21cd-43a1-84bd-e8fa8951bed7,47ad4adf-21cd-43a1-84bd-e8fa8951bed7..jpg,image/jpeg
4d4e6549-f20d-4cda-bed7-2f59a54d9fed,4d4e6549-f20d-4cda-bed7-2f59a54d9fed..jpg,image/jpeg
5256c5b6-ae8a-436b-bc50-4a0b1c535044,5256c5b6-ae8a-436b-bc50-4a0b1c535044..jpg,image/jpeg
5382506c-7a26-4058-ad06-7af4477c5dd0,5382506c-7a26-4058-ad06-7af4477c5dd0..jpg,image/jpeg
551f43ce-96e0-4f3c-a8f4-1f59bc59fe00,551f43ce-96e0-4f3c-a8f4-1f59bc59fe00..jpg,image/jpeg
5523c60a-3cb2-4baa-974b-a2e256d9388f,5523c60a-3cb2-4baa-974b-a2e256d9388f..jpg,image/jpeg
5b8fb4e6-827d-4118-8c70-c761b3cc9980,5b8fb4e6-827d-4118-8c70-c761b3cc9980..jpg,image/jpeg
6113c28b-9eb1-4a6e-8cca-cdf0c6bb4a99,6113c28b-9eb1-4a6e-8cca-cdf0c6bb4a99..jpg,image/jpeg
63dd5f9b-e78d-4ba1-a71b-175710cb5e4f,63dd5f9b-e78d-4ba1-a71b-175710cb5e4f..jpg,image/jpeg
6bb680bd-ac29-4c04-b3ed-66ea6e441d42,6bb680bd-ac29-4c04-b3ed-66ea6e441d42..jpg,image/jpeg
6c8f73ce-8e2d-4620-8e37-32bbeebcc3ec,6c8f73ce-8e2d-4620-8e37-32bbeebcc3ec..jpg,image/jpeg
6e0a6c0c-4ed0-4cff-86cd-9c18c8fa7eee,6e0a6c0c-4ed0-4cff-86cd-9c18c8fa7eee..jpg,image/jpeg
75e5cc59-e5a9-45e2-99e0-11bae4eda535,75e5cc59-e5a9-45e2-99e0-11bae4eda535..jpg,image/jpeg
7b259fa7-dde5-4c51-a15b-43c5c15add90,7b259fa7-dde5-4c51-a15b-43c5c15add90..jpg,image/jpeg
7e66a8ba-e1cc-45a6-9fbf-b78f8c8496e2,7e66a8ba-e1cc-45a6-9fbf-b78f8c8496e2..jpg,image/jpeg
7f9ca5b5-ef77-4aff-b0de-7dcd5159a611,7f9ca5b5-ef77-4aff-b0de-7dcd5159a611..jpg,image/jpeg
820c900a-d7ad-4066-904b-6e3fb266a9c4,820c900a-d7ad-4066-904b-6e3fb266a9c4..jpg,image/jpeg
85bc4414-f633-46db-a59f-d6be2d548b63,85bc4414-f633-46db-a59f-d6be2d548b63..jpg,image/jpeg
8b3f70d3-4fcb-4834-9d7c-b6bb16e12cb3,8b3f70d3-4fcb-4834-9d7c-b6bb16e12cb3..jpg,image/jpeg
8dceee01-2a71-4907-bd33-1c6fd01f4cdc,8dceee01-2a71-4907-bd33-1c6fd01f4cdc..jpg,image/jpeg
8eec8b37-c104-4109-a4f4-da5c0a680214,8eec8b37-c104-4109-a4f4-da5c0a680214..jpg,image/jpeg
908e8daf-e857-43eb-9f9f-f7c2543b2990,908e8daf-e857-43eb-9f9f-f7c2543b2990..jpg,image/jpeg
90a8e186-de1c-457a-8776-3fe991cb375f,90a8e186-de1c-457a-8776-3fe991cb375f..jpg,image/jpeg
949f4514-ca3b-4e15-8533-34d362c68886,949f4514-ca3b-4e15-8533-34d362c68886..jpg,image/jpeg
94e3694d-dbe0-4efc-a7be-8b097d44f2e1,94e3694d-dbe0-4efc-a7be-8b097d44f2e1..jpg,image/jpeg
954446d1-8f48-483d-9a8f-6a82d8b69bb4,954446d1-8f48-483d-9a8f-6a82d8b69bb4..jpg,image/jpeg
9768251f-6b64-419c-a954-a82cc9873dee,9768251f-6b64-419c-a954-a82cc9873dee..jpg,image/jpeg
99c235d7-2321-46ed-ba61-d31a9ba7e294,99c235d7-2321-46ed-ba61-d31a9ba7e294..jpg,image/jpeg
9d015c95-6429-4692-be4c-fb864a192aa9,9d015c95-6429-4692-be4c-fb864a192aa9..jpg,image/jpeg
9d8d2009-e0ad-43fd-9ac5-92f62fb88f32,9d8d2009-e0ad-43fd-9ac5-92f62fb88f32..jpg,image/jpeg
9ec36bc6-211c-4147-ae8d-21ac44b8ebfe,9ec36bc6-211c-4147-ae8d-21ac44b8ebfe..jpg,image/jpeg
9fd59919-b3bc-4ab7-a1d7-f11dcd13bc99,9fd59919-b3bc-4ab7-a1d7-f11dcd13bc99..jpg,image/jpeg
a09c7298-7f33-4376-af05-ad7248a245d7,a09c7298-7f33-4376-af05-ad7248a245d7..jpg,image/jpeg
a47236fc-f122-4840-9207-1cc2cc3fecd8,a47236fc-f122-4840-9207-1cc2cc3fecd8..jpg,image/jpeg
a6f8387f-f23e-4362-824f-139ecf2364d0,a6f8387f-f23e-4362-824f-139ecf2364d0..jpg,image/jpeg
ac5c06ac-ee5e-44d2-8f12-ac3bf6215162,ac5c06ac-ee5e-44d2-8f12-ac3bf6215162..jpg,image/jpeg
ad8ac771-ef8d-459f-8c27-0bfd8e84745f,ad8ac771-ef8d-459f-8c27-0bfd8e84745f..jpg,image/jpeg
ae7034ff-99b1-452b-8036-f5180aa993e2,ae7034ff-99b1-452b-8036-f5180aa993e2..jpg,image/jpeg
afbcf177-1a73-4b5c-853d-f32233c52aca,afbcf177-1a73-4b5c-853d-f32233c52aca..jpg,image/jpeg
b1b596b9-d8eb-4242-97df-c73ff98f5688,b1b596b9-d8eb-4242-97df-c73ff98f5688..jpg,image/jpeg
b29d61c6-bc87-4e70-9726-8d230ff05621,b29d61c6-bc87-4e70-9726-8d230ff05621..jpg,image/jpeg
b4a1c16b-33a7-4bf8-91a8-5bda089d5b0d,b4a1c16b-33a7-4bf8-91a8-5bda089d5b0d..jpg,image/jpeg
b4f475b3-61f7-43fb-8bff-6faa0fa9fd20,b4f475b3-61f7-43fb-8bff-6faa0fa9fd20..jpg,image/jpeg
b693421e-1595-4e45-8767-7f9a9ef837c2,b693421e-1595-4e45-8767-7f9a9ef837c2..jpg,image/jpeg
b82b9b92-f13d-4f6b-bae2-832f93a911d2,b82b9b92-f13d-4f6b-bae2-832f93a911d2..jpg,image/jpeg
baacf1c2-bbc7-4183-abb0-b26217084f98,baacf1c2-bbc7-4183-abb0-b26217084f98..jpg,image/jpeg
bd0b0251-c468-4619-b4e5-76b8d5c25dc3,bd0b0251-c468-4619-b4e5-76b8d5c25dc3..jpg,image/jpeg
bda953dd-11d5-47b7-b88c-e34868f95196,bda953dd-11d5-47b7-b88c-e34868f95196..jpg,image/jpeg
bf074d9c-b7ff-449d-b209-1120c2e326cf,bf074d9c-b7ff-449d-b209-1120c2e326cf..jpg,image/jpeg
c2fa49e1-aa56-4c37-946b-692040921074,c2fa49e1-aa56-4c37-946b-692040921074..jpg,image/jpeg
c4cb4e70-9603-4b33-b386-4911d16629ab,c4cb4e70-9603-4b33-b386-4911d16629ab..jpg,image/jpeg
c8e75fa9-ccd4-4ce4-8911-4418226473c5,c8e75fa9-ccd4-4ce4-8911-4418226473c5..jpg,image/jpeg
ca6d5490-8be1-4ebd-bcd5-1528e9dc84ba,ca6d5490-8be1-4ebd-bcd5-1528e9dc84ba..jpg,image/jpeg
cbdb4b28-fa45-4b67-8daa-4eff7c8a6d59,cbdb4b28-fa45-4b67-8daa-4eff7c8a6d59..jpg,image/jpeg
cf04d514-f660-4ab9-a617-c7ae09b7d8be,cf04d514-f660-4ab9-a617-c7ae09b7d8be..jpg,image/jpeg
d08f21b1-8406-432a-8316-0ca5d664056e,d08f21b1-8406-432a-8316-0ca5d664056e..jpg,image/jpeg
d0bbac13-9c0d-4eba-86de-2e3c8cb0376f,d0bbac13-9c0d-4eba-86de-2e3c8cb0376f..jpg,image/jpeg
d15b263b-272d-4991-8a44-df5002d21810,d15b263b-272d-4991-8a44-df5002d21810..jpg,image/jpeg
d490a9cb-1ba8-44da-9ee9-0625df9135eb,d490a9cb-1ba8-44da-9ee9-0625df9135eb..jpg,image/jpeg
d94cad60-339f-4e01-b8e1-f9d9d01fb03c,d94cad60-339f-4e01-b8e1-f9d9d01fb03c..jpg,image/jpeg
db4e33ef-9be8-4449-964e-4b55ba574619,db4e33ef-9be8-4449-964e-4b55ba574619..jpg,image/jpeg
dcffeb55-63a8-41c5-ac84-2d8f10e5a5aa,dcffeb55-63a8-41c5-ac84-2d8f10e5a5aa..jpg,image/jpeg
dfa4e699-e9c1-4ce2-a42a-42dc5eadc763,dfa4e699-e9c1-4ce2-a42a-42dc5eadc763..jpg,image/jpeg
e6cdcea0-c7fe-4d1b-87e5-cdebeb815e4d,e6cdcea0-c7fe-4d1b-87e5-cdebeb815e4d..jpg,image/jpeg
e6d8a3df-78fb-4ed5-8d33-0e66fdd3b6dc,e6d8a3df-78fb-4ed5-8d33-0e66fdd3b6dc..jpg,image/jpeg
eb0738f4-5a49-4dff-b2d6-4e62099dc62d,eb0738f4-5a49-4dff-b2d6-4e62099dc62d..jpg,image/jpeg
eef5e07b-03f7-4981-8b72-94d3478f80bf,eef5e07b-03f7-4981-8b72-94d3478f80bf..jpg,image/jpeg
ef0c5de5-7dd1-4ff9-8443-9f25e9eb7d7f,ef0c5de5-7dd1-4ff9-8443-9f25e9eb7d7f..jpg,image/jpeg
f16a4331-39e1-4d87-b3de-576c4c756a1b,f16a4331-39e1-4d87-b3de-576c4c756a1b..jpg,image/jpeg
f176366e-29ab-4770-b9d9-8d52201c8a3f,f176366e-29ab-4770-b9d9-8d52201c8a3f..jpg,image/jpeg
f42def97-cf0b-4370-940d-557ef766ed8b,f42def97-cf0b-4370-940d-557ef766ed8b..jpg,image/jpeg
f71c02ef-ca7e-494d-871b-3a09b221787f,f71c02ef-ca7e-494d-871b-3a09b221787f..jpg,image/jpeg
fb30cad0-c0a8-4543-954b-86a96c9dc210,fb30cad0-c0a8-4543-954b-86a96c9dc210..jpg,image/jpeg
